argument,supports,supporting_evidence,counterargument,analysis_required,verdict,confidence,source_ids
"Jordan went 6-0 in the Finals",Michael Jordan,"Six championships and six Finals MVPs in six Finals appearances.","Finals record ignores losses before the Finals and treats team outcomes as individual outcomes.","Compare full playoff paths, opponent quality, pre-series expectations, and individual performance.",Pending,Medium,
"LeBron reached more Finals",LeBron James,"More Finals appearances across different teams and conferences.","Conference strength and Finals losses must be contextualized.","Model path difficulty and expected series probabilities across every round.",Pending,Medium,
"Jordan had the higher peak",Michael Jordan,"Multiple scoring titles, MVP-level seasons, elite defense, and championship peaks.","Peak depends on window length and metric construction.","Compare best one, three, five, and seven-year era-adjusted windows.",Pending,High,
"LeBron has the greater longevity",LeBron James,"More seasons, minutes, and elite late-career production.","Longevity should not automatically outweigh a higher peak.","Calculate cumulative value above average, All-Star, and All-NBA thresholds.",Pending,High,
"Jordan was the better scorer",Michael Jordan,"Higher scoring volume and scoring-title dominance relative to his era.","Efficiency, spacing, passing burden, and postseason opponent context matter.","Compare points per 75, rTS%, scoring load, playoff changes, and shot profile.",Pending,High,
"LeBron was the better offensive engine",LeBron James,"Elite scoring combined with unusually high playmaking responsibility.","Ball dominance can affect portability and teammate roles.","Estimate scoring plus creation value, turnover cost, and team offense with/without player.",Pending,Medium,
"Jordan was the better defender",Michael Jordan,"DPOY, defensive teams, steals, point-of-attack reputation, and film evidence.","LeBron offered more positional and help-defense versatility at his best.","Combine awards, box metrics, on/off where available, assignments, and blinded film coding.",Pending,Low,
"LeBron was more versatile",LeBron James,"More positional size, rebounding, passing roles, and lineup functions.","Versatility is not identical to total impact or superiority in a primary role.","Define skill dimensions and compare elite-threshold breadth without radar-area distortion.",Pending,Medium,
"Jordan had a stronger killer instinct",Michael Jordan,"Narrative evidence emphasizes late-game aggression and competitive reputation.","The term is vague, selectively remembered, and difficult to measure.","Operationalize elimination, close-game, comeback, and high-leverage performance with sample sizes.",Pending,Low,
"LeBron was not clutch",Michael Jordan,"Selected missed shots and Finals moments are often cited.","Career clutch samples and elimination-game performance contradict a simple narrative.","Analyze all defined high-leverage possessions and report uncertainty and selection rules.",Pending,Medium,
"LeBron needed more help",Michael Jordan,"Played with multiple All-Star and All-NBA teammates.","Jordan also played on deep championship rosters; named-star counts ignore fit and depth.","Build teammate value excluding the focal player, availability, and expected-title models.",Pending,Medium,
"Jordan had the better championship teams",LeBron James,"Some Bulls teams had elite defenses and continuity.","LeBron also selected or influenced star-heavy rosters.","Compare supporting-cast value, coaching continuity, roster health, and preseason expectation.",Pending,Medium,
"Jordan dominated his era more",Michael Jordan,"Awards, scoring titles, and separation from contemporaries.","League talent, expansion, and positional role differ across eras.","Use within-season z-scores, percentiles, MVP shares, and gap from next-best players.",Pending,High,
"LeBron succeeded in more environments",LeBron James,"Won with different franchises, coaches, teammates, and tactical roles.","Changing teams can also create roster-control advantages.","Measure impact stability across lineup archetypes, teams, coaches, and career stages.",Pending,Medium,
"Jordan changed basketball globally",Michael Jordan,"Documented global popularity, Nike/Jordan Brand influence, and 1990s NBA visibility.","Globalization had many causes including league strategy, media expansion, and the Dream Team.","Build a sourced timeline and avoid single-cause claims.",Pending,Medium,
"LeBron transformed player empowerment",LeBron James,"Free-agency choices, media ownership, and athlete-business activity influenced later stars.","Labor rules and broader athlete trends also contributed.","Analyze direct player statements, transaction patterns, and business milestones.",Pending,Low,
"Jordan's retirement gaps should count against longevity",LeBron James,"Voluntary missed seasons reduced total career value.","Career greatness may value achieved seasons rather than hypothetical availability.","Publish both calendar-span and active-season longevity models.",Pending,High,
"LeBron's 2011 Finals should heavily damage his case",Michael Jordan,"Performance declined materially relative to his standard in a favored Finals.","One series should be weighted within an entire career and later performance matters.","Measure series underperformance versus regular season and model expectation.",Pending,High,
"Jordan never lost after reaching the top",Michael Jordan,"The Bulls completed two three-peats once championship level was reached.","The framing excludes earlier and later playoff losses and retirement decisions.","Use complete career timeline and avoid conditional cherry-picking.",Pending,Medium,
"LeBron's all-time totals make him the GOAT",LeBron James,"Record cumulative scoring and broad career totals reflect rare sustained value.","Totals mix ability, durability, era, pace, and number of seasons.","Separate totals, per-possession rates, peak, and cumulative value above thresholds.",Pending,High,
